firstName|lastName|email|passportNumber
Austine|Feares|afeares0@theatlantic.com|3bUeyUh11
Keary|Mazzilli|kmazzilli1@wikimedia.org|COpMHT
Amelie|Greenhaugh|agreenhaugh2@theatlantic.com|23ruaEB
Octavia|Stother|ostother3@cdc.gov|yBSY0kDhtJu
Muhammad|Archbald|marchbald4@a8.net|PtFymeL
Stephenie|Wastall|swastall5@msu.edu|kISCvUmzq7yY
Dane|Walak|dwalak6@wisc.edu|Vqinb9mV
Roz|Jina|rjina7@mail.ru|ANj3A1NQOvG
Janeta|Massimo|jmassimo8@simplemachines.org|wjhno1k
Georgia|Deane|gdeane9@goodreads.com|eopfs5ni
